epochs,errors,
0,7.087128
1,7.106677
2,6.845464
3,7.107663
4,7.078221
